TABLE_SCHEMA,TABLE_NAME,TABLE_TYPE,ROW_COUNT,COLUMN_COUNT,domain_score,priority_score,domain
dbo,BillingClaimData,BASE TABLE,503,125,2.0,153.61,billing
dbo,Patient,BASE TABLE,1050,74,1.0,124.21,patient
dbo,AppSch_Appointment,BASE TABLE,2697,66,1.0,108.28,appointment
dbo,Orders,BASE TABLE,12317,81,1.0,99.33,order
dbo,PatientExamDetail,BASE TABLE,2584,34,1.0,88.12,patient
dbo,InvoiceInsuranceDet,BASE TABLE,3193,30,2.0,84.03,billing
dbo,EDI835ClaimInfo,BASE TABLE,16,71,1.0,82.43,billing
dbo,OrderInsurance,BASE TABLE,698,52,1.0,80.35,billing
dbo,EGRX,BASE TABLE,14141,38,1.0,79.6,prescription
dbo,InsSchedule,BASE TABLE,129684,16,1.0,78.42,appointment
dbo,PatientExam,BASE TABLE,1292,27,1.0,78.11,patient
dbo,AppSch_Appointment_Archive,BASE TABLE,0,65,1.0,76.5,appointment
dbo,InvoiceDet,BASE TABLE,54362,28,1.0,76.28,billing
dbo,temp_InsSchedule_bak,BASE TABLE,133484,13,1.0,75.83,appointment
dbo,BillingClaim,BASE TABLE,475,28,2.0,75.81,billing
dbo,temp_InsSchedule_20191107,BASE TABLE,129384,13,1.0,75.71,appointment
dbo,InsScheduleAttributeValues,BASE TABLE,757687,3,1.0,73.62,appointment
dbo,BillingClaimLineItem,BASE TABLE,1488,20,2.0,73.38,billing
dbo,PatientInsurance,BASE TABLE,639,24,1.0,72.06,patient
dbo,__ConversionOMtoALSchedule,BASE TABLE,0,60,1.0,72.0,appointment
dbo,SpexFrameForApi,BASE TABLE,0,96,1.0,69.6,inventory
dbo,Office,BASE TABLE,25,104,1.0,68.99,location
dbo,EmployeeSchedule,BASE TABLE,14560,15,1.0,68.97,appointment
dbo,OrderExamDetails,BASE TABLE,1994,21,1.0,66.6,appointment
dbo,PatientExamDetail_Extension,BASE TABLE,2272,13,1.0,66.56,patient
dbo,__kcdw_Orders,BASE TABLE,0,75,1.0,66.5,order
dbo,ContactLensSupplierData,BASE TABLE,170772,17,2.0,65.59,inventory
dbo,InsBillingRules,BASE TABLE,987,32,1.0,65.55,billing
dbo,InvoiceSum,BASE TABLE,14503,20,1.0,65.29,billing
dbo,ItemContactLens,BASE TABLE,974256,7,2.0,64.13,inventory
dbo,InvoiceDetailTaxBreakDown,BASE TABLE,113375,9,1.0,63.64,billing
dbo,PosCustomerCreditPaymentDetail,BASE TABLE,2661,9,1.0,63.25,patient
dbo,PatientCommunicationMethod,BASE TABLE,4137,7,1.0,63.17,patient
dbo,BillingClaimResponseCode,BASE TABLE,791,9,2.0,62.39,billing
dbo,temp_itemeglensbak,BASE TABLE,18184,40,1.0,61.56,inventory
dbo,PatientCorrespondence,BASE TABLE,715,13,1.0,61.54,patient
dbo,AppSch_Appointment_History,BASE TABLE,0,48,1.0,61.2,appointment
dbo,PatientDocument,BASE TABLE,590,13,1.0,60.71,patient
dbo,BillingLineDetails,BASE TABLE,1499,24,1.0,60.61,billing
dbo,InventoryActivity,BASE TABLE,452222,24,1.0,60.33,inventory
dbo,__PatientBalance_temp,BASE TABLE,0,40,1.0,60.0,patient
dbo,__PatientCredit_temp,BASE TABLE,0,40,1.0,60.0,patient
dbo,CLSoftRX,BASE TABLE,3429,19,1.0,59.48,prescription
dbo,InsOfficeSchedule,BASE TABLE,5840,8,1.0,59.1,appointment
dbo,PosTransaction,BASE TABLE,26523,20,1.0,58.97,order
dbo,EDI835ClaimServiceInfo,BASE TABLE,43,37,1.0,58.67,billing
dbo,PatientExamProcedure,BASE TABLE,29,24,1.0,58.62,patient
dbo,BillingRelatedClaims,BASE TABLE,900,3,2.0,58.03,billing
dbo,temp_CompanyInsSchedule_20191107,BASE TABLE,6136,6,1.0,57.49,appointment
dbo,EGOrder,BASE TABLE,9274,22,1.0,57.17,order
dbo,BillingTransaction,BASE TABLE,1920,18,1.0,56.67,billing
dbo,BillingClaimOrders,BASE TABLE,474,4,2.0,56.61,billing
dbo,CLHardRX,BASE TABLE,236,27,1.0,56.58,prescription
dbo,KPIOrder,BASE TABLE,30072,16,1.0,56.55,order
dbo,temp_insplanbeforechangingvspproductpackage,BASE TABLE,3073,39,1.0,56.33,inventory
dbo,temp_item_eglens,BASE TABLE,18291,31,1.0,56.17,inventory
dbo,temp_InsBillingRules,BASE TABLE,110,29,1.0,55.53,billing
dbo,ItemExam,BASE TABLE,568,14,1.0,55.39,appointment
dbo,AppSch_AppointmentType,BASE TABLE,3487,6,1.0,55.28,appointment
dbo,PosPayment,BASE TABLE,12263,8,1.0,55.11,billing
dbo,CompanyInsSchedule,BASE TABLE,3096,6,1.0,54.82,appointment
dbo,BillingClaimResponseCodeCategory,BASE TABLE,56,11,2.0,54.79,billing
dbo,BillingPayment,BASE TABLE,19,15,2.0,54.23,billing
dbo,LabOrderStatus,BASE TABLE,6573,19,1.0,54.02,order
dbo,ItemEGLens,BASE TABLE,521,42,1.0,53.5,inventory
dbo,PatientPhone,BASE TABLE,1104,3,1.0,53.43,patient
dbo,BillingClaimChangeField,BASE TABLE,189,4,2.0,53.41,billing
dbo,PosPaymentDetail,BASE TABLE,12134,5,1.0,52.67,billing
dbo,PatientExam_Extension,BASE TABLE,356,7,1.0,52.51,patient
dbo,PatientAddress,BASE TABLE,1026,2,1.0,52.11,patient
dbo,OrderInsuranceAttributes,BASE TABLE,9512,4,1.0,51.03,billing
dbo,temp_InsOfficeSchedule_bak,BASE TABLE,1813,4,1.0,50.93,appointment
dbo,InsuranceSubscriber,BASE TABLE,643,15,1.0,50.47,billing
dbo,temp_InsOfficeSchedule_20191107,BASE TABLE,1487,4,1.0,50.15,appointment
dbo,StockOrderDetail,BASE TABLE,2571,17,1.0,49.77,order
dbo,EGFrame,BASE TABLE,9274,23,1.0,49.6,inventory
dbo,CompanyOrderConfig,BASE TABLE,9,41,1.0,49.38,order
dbo,StockOrder,BASE TABLE,558,23,1.0,49.33,order
dbo,InsBillingRules_NotMatching,BASE TABLE,18,29,1.0,49.24,billing
dbo,KPISchedule,BASE TABLE,71,16,1.0,49.06,appointment
dbo,OLDCUSTOMER,BASE TABLE,0,29,1.0,49.0,patient
dbo,BillingPaymentApply,BASE TABLE,20,8,2.0,48.81,billing
dbo,BillingClaimStatusLifecycleInfo,BASE TABLE,0,20,2.0,48.0,billing
dbo,InsScheduleMethodCustomAttributes,BASE TABLE,319,8,1.0,47.73,appointment
dbo,Employee,BASE TABLE,158,53,1.0,47.49,employee
dbo,SASCUSTOMER,BASE TABLE,0,27,1.0,47.0,patient
dbo,AppSch_SchedulerTemplate_Blocks,BASE TABLE,21,19,1.0,47.0,appointment
dbo,PosTransactionSummary,BASE TABLE,1871,14,1.0,46.7,order
dbo,CLOrder,BASE TABLE,1873,13,1.0,46.01,order
dbo,BillingClaimStatusCategory,BASE TABLE,8,8,2.0,45.62,billing
dbo,BillingPaymentSection,BASE TABLE,20,4,2.0,45.61,billing
dbo,PatientLocations,BASE TABLE,137,4,1.0,45.37,patient
dbo,SellingModelInsurance,BASE TABLE,1707,4,1.0,45.06,billing
dbo,PackSchedule,BASE TABLE,152,8,1.0,44.84,appointment
dbo,VendorOrderDetail,BASE TABLE,3069,9,1.0,44.71,order
dbo,BillingClaimStatusLifecycleState,BASE TABLE,6,8,2.0,44.63,billing
dbo,BillingClaimStatusScheduleType,BASE TABLE,6,8,2.0,44.63,billing
dbo,BillingPatientTransferReason,BASE TABLE,141,3,1.0,44.49,patient
dbo,ItemEgLensLoadMapping,BASE TABLE,16147,12,1.0,44.45,inventory
dbo,InsuranceCarrierCustomAttributes,BASE TABLE,450,9,1.0,44.43,billing
dbo,PosCreditCardPaymentDetail,BASE TABLE,138,14,1.0,44.32,billing
dbo,EDI835ClaimServiceAdjInfo,BASE TABLE,43,19,1.0,44.27,billing
dbo,PatientRecalls,BASE TABLE,26,10,1.0,44.15,patient
dbo,InvoiceCombinedTemp,BASE TABLE,0,35,1.0,44.0,billing
dbo,BillingClaimStatusScheduleLevel,BASE TABLE,5,8,2.0,43.99,billing
dbo,PricingSchedule,BASE TABLE,36,13,1.0,43.71,appointment
dbo,AppointmentFilterValues,BASE TABLE,181,5,1.0,42.82,appointment
dbo,FrameStyle,BASE TABLE,315,26,1.0,42.59,inventory
dbo,EDI835ClaimPayment,BASE TABLE,1,13,2.0,42.4,billing
dbo,BillingLineItemCurrentAR,BASE TABLE,974,3,1.0,42.31,billing
dbo,VST_FrameSVS,BASE TABLE,0,50,1.0,42.0,inventory
dbo,InventoryBalance,BASE TABLE,490,23,1.0,41.94,inventory
dbo,ItemFrame,BASE TABLE,388,24,1.0,41.93,inventory
dbo,OrderSequence,BASE TABLE,2258,6,1.0,41.68,order
dbo,EyefinityListDetail,BASE TABLE,493,5,1.0,41.54,prescription
dbo,PatientActivities,BASE TABLE,66,3,1.0,41.2,patient
dbo,VendorOrder,BASE TABLE,73,20,1.0,41.04,order
dbo,InsuranceCalculationError,BASE TABLE,334,6,1.0,40.99,billing
dbo,BillingClaimStatusNPIType,BASE TABLE,2,8,2.0,40.81,billing
dbo,__kcdw_InvoiceDet,BASE TABLE,0,31,1.0,40.8,billing
dbo,BillingClaimsLock,BASE TABLE,0,10,2.0,40.0,billing
dbo,BillingClaimStatusScheduleCompanyCarrier,BASE TABLE,0,10,2.0,40.0,billing
dbo,PatientInsuranceAttributeValues,BASE TABLE,50,3,1.0,39.99,patient
dbo,VST_Frame,BASE TABLE,1,46,1.0,39.6,inventory
dbo,PatientRace,BASE TABLE,45,3,1.0,39.53,patient
dbo,FrameSearch,BASE TABLE,300,21,1.0,39.46,inventory
dbo,DoctorPaySchedule,BASE TABLE,6,16,1.0,39.4,appointment
dbo,InsEligibilityOrderDetail,BASE TABLE,267,12,1.0,39.39,order
dbo,CompanyPatientNoticeMapping,BASE TABLE,34,4,1.0,39.31,patient
dbo,BillingClaimStatusScheduleCarrier,BASE TABLE,0,9,2.0,39.2,billing
dbo,BillingClaimStatusScheduleCompany,BASE TABLE,0,9,2.0,39.2,billing
dbo,BillingClaimStatusScheduleOffice,BASE TABLE,0,9,2.0,39.2,billing
dbo,InsScheduleMethod,BASE TABLE,78,4,1.0,38.63,appointment
dbo,OfficeInvoiceConfig,BASE TABLE,16,16,1.0,38.43,billing
dbo,SpexFrame,BASE TABLE,0,44,1.0,38.4,inventory
dbo,SpexFrame_PreColumnChange,BASE TABLE,0,44,1.0,38.4,inventory
dbo,OutOfStoreReturnOriginalPaymentDetail,BASE TABLE,199,5,1.0,38.39,billing
ProductCatalog,CatalogEntryCustomerAttribute,BASE TABLE,0,18,1.0,38.0,patient
dbo,ClaimGenerationFailure,BASE TABLE,68,9,1.0,37.86,billing
dbo,temp_KPISchedule,BASE TABLE,4,16,1.0,37.82,appointment
dbo,PricingOfficeSchedule,BASE TABLE,60,4,1.0,37.6,appointment
dbo,BillingClaimStatus,BASE TABLE,0,7,2.0,37.6,billing
dbo,PatientFavorites,BASE TABLE,18,5,1.0,37.55,patient
dbo,ItemSale,BASE TABLE,115,13,1.0,37.52,order
dbo,PricingScheduleAttributeValues,BASE TABLE,71,3,1.0,37.36,appointment
dbo,OfficePatientHistory,BASE TABLE,17,5,1.0,37.3,patient
dbo,InventoryAdjustment,BASE TABLE,3530,6,1.0,36.89,inventory
dbo,InsuranceBillingDepartment,BASE TABLE,1,6,2.0,36.8,billing
dbo,BillingClaimStatusLifecycleHistory,BASE TABLE,0,6,2.0,36.8,billing
dbo,PatientPinnedNote,BASE TABLE,12,6,1.0,36.79,patient
dbo,OutOfStoreReturnOriginalPayment,BASE TABLE,199,3,1.0,36.79,billing
dbo,CompanyPaymentType,BASE TABLE,75,7,1.0,36.6,billing
dbo,CSVFrame,BASE TABLE,1,41,1.0,36.6,inventory
dbo,FrameEdgeType,BASE TABLE,66,22,1.0,36.12,inventory
dbo,AbbContactLens,BASE TABLE,2,17,2.0,36.01,inventory
dbo,PatientStatementBatch,BASE TABLE,0,16,1.0,36.0,patient
dbo,BillingClaimChangeDetail,BASE TABLE,0,5,2.0,36.0,billing
dbo,InvoiceClaimsTemp,BASE TABLE,0,5,2.0,36.0,billing
dbo,ClaimGenerationStatus,BASE TABLE,95,5,1.0,35.82,billing
dbo,OfficePaymentType,BASE TABLE,146,3,1.0,35.71,billing
dbo,AppSch_Office,BASE TABLE,667,23,1.0,35.62,location
dbo,EmployeeExamMinutes,BASE TABLE,27,5,1.0,35.38,appointment
dbo,BillingClaimChangeHistory,BASE TABLE,0,4,2.0,35.2,billing
ProductCatalog,CustomerCatalogEntry,BASE TABLE,0,15,1.0,35.0,patient
dbo,PosMiscPayment,BASE TABLE,55,6,1.0,34.72,billing
dbo,tempitemeglenstodelete,BASE TABLE,2929,3,1.0,34.6,inventory
dbo,MiscPaymentReason,BASE TABLE,41,7,1.0,34.5,billing
dbo,EDI835ExternalClaim,BASE TABLE,3,18,1.0,34.22,billing
dbo,EyefinityBESResponse,BASE TABLE,15,11,1.0,34.21,prescription
dbo,InventoryReturnOptionNotes,BASE TABLE,2333,3,1.0,34.01,inventory
dbo,PatientDocumentIntegration,BASE TABLE,0,14,1.0,34.0,patient
dbo,AppointmentFilter,BASE TABLE,7,9,1.0,33.71,appointment
dbo,DoctorPayScheduleItem,BASE TABLE,7,9,1.0,33.71,appointment
dbo,FrameCollection,BASE TABLE,58,18,1.0,33.38,inventory
dbo,Appointment,BASE TABLE,0,17,1.0,33.3,appointment
dbo,LabOrderResponse,BASE TABLE,34,12,1.0,33.12,order
dbo,PatientExamAttributes,BASE TABLE,4,7,1.0,33.02,patient
dbo,PatientDocumentIntegrationStatus,BASE TABLE,0,13,1.0,33.0,patient
dbo,PaymentType,BASE TABLE,16,9,1.0,32.83,billing
dbo,edi277Claim,BASE TABLE,0,21,1.0,32.8,billing
dbo,SalesByHour_Cached,BASE TABLE,89,7,1.0,32.55,order
dbo,AppointmentColor,BASE TABLE,16,4,1.0,32.44,appointment
dbo,AppSch_RecurringAppointment,BASE TABLE,0,16,1.0,32.4,appointment
dbo,OrderRetransmitReason,BASE TABLE,127,5,1.0,32.23,order
dbo,PatientPromotionCouponCode,BASE TABLE,8,3,1.0,32.03,patient
dbo,EyefinityBESResponseDetail,BASE TABLE,0,20,1.0,32.0,prescription
dbo,InvoiceConfig,BASE TABLE,3,15,1.0,31.82,billing
dbo,OfficeBillingConfig,BASE TABLE,25,5,1.0,31.18,billing
SalesTax,OfficeTaxConfig,BASE TABLE,1310,11,1.0,31.09,location
dbo,VspPatientEncounterValidation,BASE TABLE,0,11,1.0,31.0,patient
dbo,PatientStatementBatchStatus,BASE TABLE,7,2,1.0,30.45,patient
dbo,InsRxModifier,BASE TABLE,16,6,1.0,30.43,prescription
dbo,EyefinityEHRConfig,BASE TABLE,8,9,1.0,30.42,prescription
dbo,InventoryPhysicalFreeze,BASE TABLE,278,6,1.0,30.26,inventory
dbo,DailySalesTransactionLog,BASE TABLE,0,3,2.0,30.1,order
dbo,AppSch_Insurance_Reminders,BASE TABLE,9,8,1.0,30.03,billing
dbo,ContactLensSupplier,BASE TABLE,4,4,2.0,30.01,inventory
dbo,PatientNoticeLetterSetting,BASE TABLE,5,3,1.0,29.99,patient
dbo,AppSch_SchedulerTemplate_ServiceTemplate,BASE TABLE,2,10,1.0,29.71,appointment
dbo,CommissionSchedule,BASE TABLE,5,6,1.0,29.69,appointment
dbo,BillingActivityReason,BASE TABLE,18,4,1.0,29.24,billing
dbo,BillingTransactionType,BASE TABLE,22,3,1.0,29.14,billing
dbo,PatientCommunicationEventType,BASE TABLE,5,2,1.0,28.99,patient
dbo,CompanyInsScheduleVersion,BASE TABLE,4,6,1.0,28.82,appointment
dbo,FrameStatus,BASE TABLE,10,18,1.0,28.8,inventory
dbo,CatalogCleanup_InventoryBalance,BASE TABLE,0,28,1.0,28.8,inventory
dbo,OrderInventoryReplacementFrame,BASE TABLE,0,8,2.0,28.8,inventory
dbo,CatalogProcessorTransaction,BASE TABLE,23,7,1.0,28.43,order
dbo,Labs,BASE TABLE,16,39,1.0,28.42,lab
dbo,ItemSupplierMapping,BASE TABLE,993997,14,1.0,28.19,vendor
dbo,OrderAttributes,BASE TABLE,42,4,1.0,28.16,order
dbo,PatientStatementBatchClaimStatus,BASE TABLE,4,2,1.0,28.02,patient
dbo,PosRefundCustomerCredit,BASE TABLE,0,8,1.0,28.0,patient
dbo,AppSch_SchedulerTemplate_ServiceTemplateDetail,BASE TABLE,2,8,1.0,27.91,appointment
dbo,itemsuppliermapping0625,BASE TABLE,885325,13,1.0,27.74,vendor
dbo,PricingScheduleMethod,BASE TABLE,7,2,1.0,27.41,appointment
dbo,ClaimEditBatch,BASE TABLE,0,14,1.0,27.2,billing
dbo,SalesAdjustmentReason,BASE TABLE,24,5,1.0,27.16,order
dbo,ProductTax,BASE TABLE,131,4,1.0,27.1,inventory
dbo,OfficeEmployee,BASE TABLE,1019,4,1.0,27.04,employee
dbo,PricingScheduleMethodCustomAttributes,BASE TABLE,5,3,1.0,26.99,appointment
dbo,AppSch_Provider_Exception,BASE TABLE,22374,26,1.0,26.85,vendor
dbo,AlanOfficeInfo,BASE TABLE,909,4,1.0,26.79,location
dbo,BillingAdjustmentType,BASE TABLE,7,5,1.0,26.76,billing
dbo,InventoryTransactionType,BASE TABLE,35,9,1.0,26.66,inventory
ProductCatalog,CatalogEntryType,BASE TABLE,22,11,1.0,26.65,inventory
dbo,ClaimBundle,BASE TABLE,0,13,1.0,26.4,billing
dbo,edi277ClaimLineItem,BASE TABLE,0,13,1.0,26.4,billing
dbo,CatalogCleanup_InventoryActivity,BASE TABLE,0,24,1.0,26.4,inventory
dbo,OfficeHours,BASE TABLE,561,5,1.0,26.24,location
dbo,PosGiftCertificatePaymentDetail,BASE TABLE,12,2,1.0,26.23,billing
dbo,StatementConfigPaymentType,BASE TABLE,6,5,1.0,26.23,billing
dbo,AppSch_SchedulerTemplate,BASE TABLE,4,3,1.0,26.12,appointment
dbo,AppointmentException,BASE TABLE,0,9,1.0,26.1,appointment
dbo,__OfficeMate_OM_AL_PatientIDMapping,BASE TABLE,0,6,1.0,26.0,patient
dbo,InsPlanProducts,BASE TABLE,54,6,1.0,25.99,inventory
dbo,ClaimBatch,BASE TABLE,0,12,1.0,25.6,billing
dbo,EDI835ClaimServiceSuplInfo,BASE TABLE,0,12,1.0,25.6,billing
dbo,InventoryPhysicalDetail,BASE TABLE,26,8,1.0,25.29,inventory
dbo,OrderInventoryGuidance,BASE TABLE,2,19,1.0,25.21,inventory
dbo,CatalogCleanup_FrameCollection,BASE TABLE,0,22,1.0,25.2,inventory
dbo,ItemOrderReplenishRule,BASE TABLE,6,8,1.0,25.05,order
dbo,PatientStatementBatchClaim,BASE TABLE,0,5,1.0,25.0,patient
dbo,PosPatientPayment,BASE TABLE,0,5,1.0,25.0,patient
dbo,SASCustomerNotes,BASE TABLE,0,5,1.0,25.0,patient
dbo,InventoryPhysicalLog,BASE TABLE,43,5,1.0,24.8,inventory
dbo,VisionStarStatus,BASE TABLE,0,11,1.0,24.8,prescription
dbo,InvoiceComment,BASE TABLE,5,4,1.0,24.79,billing
dbo,InventoryReturnOptions,BASE TABLE,17,9,1.0,24.78,inventory
dbo,FeatureAvailability,BASE TABLE,2992,7,1.0,24.7,lab
dbo,FeatureAvailability_backup,BASE TABLE,2958,7,1.0,24.68,lab
dbo,CompanyBillingPreference,BASE TABLE,6,3,1.0,24.63,billing
dbo,EyefinityList,BASE TABLE,6,3,1.0,24.63,prescription
dbo,OutOfStoreReturn,BASE TABLE,199,6,1.0,24.49,location
dbo,Example,BASE TABLE,0,7,1.0,24.3,appointment
dbo,InventoryPhysical,BASE TABLE,14,9,1.0,24.28,inventory
dbo,temp_itemeglenstocopy,BASE TABLE,44,4,1.0,24.26,inventory
dbo,temp_itemeglenstocopy_backup,BASE TABLE,44,4,1.0,24.26,inventory
dbo,OfficePriceList,BASE TABLE,406,2,1.0,24.04,location
dbo,EDI835ClaimServiceAddlnInfo,BASE TABLE,0,10,1.0,24.0,billing
WorkQueues,OpticsEgLens,BASE TABLE,0,20,1.0,24.0,inventory
dbo,tempitemeglenstokeep,BASE TABLE,50,3,1.0,23.99,inventory
dbo,OfficeOrderConfig,BASE TABLE,25,14,1.0,23.99,location
dbo,ClaimEditBatchStatus,BASE TABLE,6,2,1.0,23.83,billing
dbo,PosTransactionType,BASE TABLE,16,2,1.0,23.83,order
dbo,StockOrderDetailPickList,BASE TABLE,9,4,1.0,23.48,order
dbo,ProductServiceTax_Extension,BASE TABLE,20,6,1.0,23.41,inventory
dbo,BillingAccount,BASE TABLE,0,9,1.0,23.2,billing
dbo,EyeMedInsPlanInfo,BASE TABLE,1,9,1.0,23.2,prescription
dbo,CLMedicallyNecessaryRX,BASE TABLE,0,9,1.0,23.2,prescription
dbo,EyefinityBESResponseMessage,BASE TABLE,0,9,1.0,23.2,prescription
WorkQueues,OpticsEgVisionType,BASE TABLE,0,9,1.0,23.2,prescription
dbo,StockOrders_CLReturns,BASE TABLE,0,13,1.0,23.1,order
dbo,X_POSWarrantySale,BASE TABLE,0,13,1.0,23.1,order
dbo,BillingWriteoffReason,BASE TABLE,3,4,1.0,23.02,billing
dbo,__OfficeMate_OM_AL_LocationMapping,BASE TABLE,0,6,2.0,23.0,location
dbo,OutSideDoctor,BASE TABLE,30,11,1.0,22.89,employee
dbo,Users_WithoutEmployeeRecord_Pend,BASE TABLE,0,25,1.0,22.5,employee
dbo,ClaimEditBatchClaimStatus,BASE TABLE,4,2,1.0,22.42,billing
dbo,VendorOrderType,BASE TABLE,8,3,1.0,22.42,order
dbo,EGOrderType,BASE TABLE,4,6,1.0,22.41,order
dbo,__ds_EndOfDayOrder,BASE TABLE,2,9,1.0,22.41,order
dbo,EDI835ClaimPostingError,BASE TABLE,0,8,1.0,22.4,billing
dbo,OfficeNotes,BASE TABLE,109,4,1.0,22.19,location
dbo,PromotionConditionOffice,BASE TABLE,107,4,1.0,22.15,location
dbo,OfficeLabs,BASE TABLE,32,9,1.0,22.03,location
dbo,PackageOffice,BASE TABLE,118,3,1.0,21.86,location
dbo,InsSharedSchedule,BASE TABLE,1,4,1.0,21.6,appointment
dbo,KPIUpgradeSchedule,BASE TABLE,0,4,1.0,21.6,appointment
dbo,BillingLabFeeTransaction,BASE TABLE,0,7,1.0,21.6,billing
dbo,GLPaymentOffice,BASE TABLE,0,7,1.0,21.6,billing
dbo,InsuranceProductGroup,BASE TABLE,0,7,1.0,21.6,billing
ProductCatalog,CatalogEntryAttribute,BASE TABLE,0,16,1.0,21.6,inventory
dbo,VendorReceiptDetail,BASE TABLE,3371,16,1.0,21.38,vendor
dbo,ItemProductXref_Extension,BASE TABLE,23,2,1.0,21.37,inventory
dbo,OfficeDashboard,BASE TABLE,11,12,1.0,21.21,location
dbo,SSOffice,BASE TABLE,4,16,1.0,21.01,location
dbo,PatientNoActivity,BASE TABLE,0,1,1.0,21.0,patient
Integration,VspLensCodes,BASE TABLE,0,15,1.0,21.0,inventory
dbo,OrderType,BASE TABLE,5,3,1.0,20.99,order
dbo,BillingWebResponse,BASE TABLE,0,6,1.0,20.8,billing
dbo,InsuranceProductGroupItem,BASE TABLE,0,6,1.0,20.8,billing
dbo,Appsch_SchedulerTemplate_ServiceGroup,BASE TABLE,0,3,1.0,20.7,appointment
dbo,ExamDiagnosisResult,BASE TABLE,0,3,1.0,20.7,appointment
dbo,FrameShape,BASE TABLE,8,5,1.0,20.42,inventory
dbo,CatalogCleanup_DuplicateFrame,BASE TABLE,0,14,1.0,20.4,inventory
dbo,BillingAccountEntry,BASE TABLE,0,5,1.0,20.0,billing
dbo,ClaimBatchClaim,BASE TABLE,0,5,1.0,20.0,billing
dbo,ClaimDeletionFailedDetail,BASE TABLE,0,5,1.0,20.0,billing
dbo,ClaimEditBatchClaim,BASE TABLE,0,5,1.0,20.0,billing
dbo,SellingModelOffices,BASE TABLE,48,3,1.0,19.91,location
dbo,Appsch_SchedulerTemplate_ServiceGroupItems,BASE TABLE,0,2,1.0,19.8,appointment
dbo,CatalogCleanup_InventoryPhysicalDetail,BASE TABLE,0,13,1.0,19.8,inventory
WorkQueues,OpticsEgLensAddOn,BASE TABLE,0,13,1.0,19.8,inventory
dbo,AppSch_Provider_Blocks,BASE TABLE,374,20,1.0,19.72,vendor
dbo,OrderPricing,BASE TABLE,0,8,1.0,19.6,order
dbo,ClaimBundleClaim,BASE TABLE,0,4,1.0,19.2,billing
ProductCatalog,CatalogEntry,BASE TABLE,0,12,1.0,19.2,inventory
dbo,EyefinityEHRConfigOffices,BASE TABLE,1,4,1.0,19.2,prescription
dbo,VisionStarStatusFileName,BASE TABLE,0,4,1.0,19.2,prescription
dbo,CatalogCleanup_CleanFrame,BASE TABLE,0,11,1.0,18.6,inventory
dbo,CatalogCleanup_InventoryPhysicalFreeze,BASE TABLE,0,11,1.0,18.6,inventory
dbo,FrameInv,BASE TABLE,0,11,1.0,18.6,inventory
dbo,OfficeCLXBackup,BASE TABLE,25,3,1.0,18.49,location
dbo,EDI835ClaimServiceRemark,BASE TABLE,0,3,1.0,18.4,billing
dbo,OfficeBillingInformation,BASE TABLE,0,3,1.0,18.4,billing
dbo,TertiaryOrderInsurance,BASE TABLE,0,3,1.0,18.4,billing
dbo,VisionStarCancelSent,BASE TABLE,0,3,1.0,18.4,prescription
dbo,VisionStarOrderSent,BASE TABLE,0,3,1.0,18.4,prescription
dbo,CentralInventory,BASE TABLE,2,7,1.0,18.01,inventory
dbo,ProductSales,BASE TABLE,0,10,1.0,18.0,inventory
dbo,__Dest_Employee_Provider,BASE TABLE,0,16,1.0,18.0,employee
dbo,LabIntegrationConfiguration,BASE TABLE,2,22,1.0,18.0,lab
dbo,InventoryLocation,BASE TABLE,5,3,1.0,17.99,inventory
dbo,OfficeTheme,BASE TABLE,3,11,1.0,17.89,location
dbo,OfficeHoliday,BASE TABLE,14,4,1.0,17.73,location
dbo,ClaimDeletionFailedStatus,BASE TABLE,0,2,1.0,17.6,billing
dbo,CLSupplierManufacturer,BASE TABLE,28,4,2.0,17.54,vendor
dbo,OfficeServiceTypes,BASE TABLE,8,6,1.0,17.52,location
dbo,SalesGoal,BASE TABLE,0,5,1.0,17.5,order
dbo,CatalogCleanup_DupFrameCollections,BASE TABLE,0,9,1.0,17.4,inventory
WorkQueues,OpticsEgLensAddOnRelation,BASE TABLE,0,9,1.0,17.4,inventory
WorkQueues,OpticsEgLensColor,BASE TABLE,0,9,1.0,17.4,inventory
WorkQueues,OpticsEgLensManufacturer,BASE TABLE,0,9,1.0,17.4,inventory
WorkQueues,OpticsEgLensMaterial,BASE TABLE,0,9,1.0,17.4,inventory
WorkQueues,OpticsEgLensOption,BASE TABLE,0,9,1.0,17.4,inventory
WorkQueues,OpticsEgLensOptionRelation,BASE TABLE,0,9,1.0,17.4,inventory
dbo,SpexManufacturerForApi,BASE TABLE,397,11,1.0,17.1,vendor
dbo,DoctorPayRule,BASE TABLE,4,8,1.0,17.01,employee
dbo,OrderNumTable,BASE TABLE,2,1,1.0,16.81,order
WorkQueues,OpticsEgLensBrand,BASE TABLE,0,8,1.0,16.8,inventory
WorkQueues,OpticsEgLensDesign,BASE TABLE,0,8,1.0,16.8,inventory
dbo,FrameRXRules,BASE TABLE,2,4,1.0,16.21,inventory
dbo,AppSch_Available_Date_Range,BASE TABLE,13,9,1.0,16.06,lab
dbo,VendorItem,BASE TABLE,522,6,1.0,15.95,vendor
dbo,OfficeInventoryNote,BASE TABLE,0,6,1.0,15.6,inventory
dbo,SpexFrameString,BASE TABLE,0,6,1.0,15.6,inventory
dbo,VendorLog,BASE TABLE,395,6,1.0,15.59,vendor
dbo,DoctorPayDailyDetail,BASE TABLE,0,11,1.0,15.5,employee
dbo,Manufacturer,BASE TABLE,327,6,1.0,15.34,vendor
dbo,MedicaidFrame,BASE TABLE,0,5,1.0,15.0,inventory
dbo,VspLabLensOptionMapping,BASE TABLE,0,5,1.0,15.0,inventory
dbo,OfficeItemSetup,BASE TABLE,0,10,1.0,15.0,location
dbo,ServiceLocation,BASE TABLE,0,10,1.0,15.0,location
dbo,CompanyInfo,BASE TABLE,9,139,,14.85,other
dbo,InventoryAdjustmentReason,BASE TABLE,0,4,1.0,14.4,inventory
dbo,EmployeeLicense,BASE TABLE,3,4,1.0,14.39,employee
dbo,LabSupplierStatus,BASE TABLE,9,6,1.0,14.22,lab
dbo,ItemOfficeMapping,BASE TABLE,2,5,1.0,14.01,location
dbo,StatementConfigOffice,BASE TABLE,2,5,1.0,14.01,location
dbo,OfficeTemp,BASE TABLE,0,8,1.0,14.0,location
dbo,CLSupplierColor,BASE TABLE,185,4,1.0,14.0,vendor
dbo,CompanyLab,BASE TABLE,15,3,1.0,13.9,lab
dbo,QRCodeOfficeConfig,BASE TABLE,0,7,1.0,13.5,location
dbo,Vendor,BASE TABLE,30,10,1.0,13.43,vendor
dbo,VwFrameType,BASE TABLE,0,2,1.0,13.2,inventory
dbo,VendorReceipt,BASE TABLE,20,11,1.0,13.2,vendor
dbo,OfficeDC,BASE TABLE,2,3,1.0,13.01,location
dbo,EmployeeTemp,BASE TABLE,0,6,1.0,13.0,employee
dbo,CompanyVendor,BASE TABLE,30,8,1.0,12.83,vendor
dbo,CLManufacturer,BASE TABLE,68,4,1.0,12.7,vendor
dbo,OfficeSalesGoals,BASE TABLE,0,5,1.0,12.5,location
dbo,Supplier,BASE TABLE,27,6,1.0,12.09,vendor
dbo,SupplierStatus,BASE TABLE,42,4,1.0,12.07,vendor
dbo,OfficeVendor,BASE TABLE,1,4,1.0,12.0,location
dbo,OfficeCarrierCredentials,BASE TABLE,0,4,1.0,12.0,location
dbo,DoctorPayMethod,BASE TABLE,0,3,1.0,11.5,employee
dbo,OfficeTag,BASE TABLE,1,3,1.0,11.5,location
dbo,PackageOfficeExclusion,BASE TABLE,0,3,1.0,11.5,location
dbo,PlanServiceLocationMapping,BASE TABLE,0,3,1.0,11.5,location
dbo,ServiceLocationType,BASE TABLE,0,3,1.0,11.5,location
dbo,AppSch_display_location,BASE TABLE,0,2,1.0,11.0,location
dbo,LabPartnerMapping,BASE TABLE,0,7,1.0,10.8,lab
dbo,LabSystemItemMapping,BASE TABLE,0,7,1.0,10.8,lab
dbo,InsProviderNumber,BASE TABLE,1,15,1.0,10.5,vendor
dbo,CatalogCleanup_Vendor,BASE TABLE,0,14,1.0,10.2,vendor
dbo,EDI835ProviderSummaryInfo,BASE TABLE,0,13,1.0,9.9,vendor
dbo,LabSystem,BASE TABLE,0,3,1.0,9.2,lab
dbo,Item,BASE TABLE,978822,31,,9.09,other
dbo,InsPlan,BASE TABLE,3084,56,,9.09,other
dbo,EDI835ProviderLevelAdjInfo,BASE TABLE,0,10,1.0,9.0,vendor
dbo,VendorReplenishment,BASE TABLE,0,10,1.0,9.0,vendor
dbo,EDI835HeaderInfo,BASE TABLE,4,82,,8.8,other
dbo,CatalogCleanup_Manufacturer,BASE TABLE,0,9,1.0,8.7,vendor
dbo,ProviderMaster,BASE TABLE,0,7,1.0,8.1,vendor
dbo,VendorReplenishmentSetUp,BASE TABLE,0,7,1.0,8.1,vendor
dbo,AbbCLManufacturer,BASE TABLE,1,6,1.0,7.8,vendor
dbo,CatalogCleanup_DuplicateManufacturer,BASE TABLE,0,6,1.0,7.8,vendor
dbo,CatalogCleanup_DuplicateVendor,BASE TABLE,0,6,1.0,7.8,vendor
dbo,PromotionCouponCode,BASE TABLE,12102581,6,,7.68,other
dbo,VendorTerms,BASE TABLE,2,2,1.0,7.5,vendor
dbo,SpexManufacturer,BASE TABLE,0,5,1.0,7.5,vendor
dbo,temp_InsPlan_bak,BASE TABLE,3464,39,,7.44,other
dbo,AttributeValues,BASE TABLE,5185167,7,,7.41,other
dbo,temp_item_backup,BASE TABLE,18184,31,,7.36,other
dbo,ManufacturerCollection,BASE TABLE,0,3,1.0,6.9,vendor
dbo,InsCarrier,BASE TABLE,54,50,,6.73,other
dbo,AuditLog,BASE TABLE,515610,10,,6.71,other
dbo,Promotion,BASE TABLE,387,41,,6.69,other
dbo,DocumentMetadata,BASE TABLE,245943,12,,6.59,other
dbo,CLStyle,BASE TABLE,1529,32,,6.38,other
dbo,DayClose,BASE TABLE,1881,30,,6.27,other
dbo,KPI,BASE TABLE,36,47,,6.26,other
dbo,temp_InsCarrier_bak,BASE TABLE,114,41,,6.16,other
dbo,ItemCompanyMapping,BASE TABLE,8732,22,,6.14,other
dbo,temp_kpi,BASE TABLE,27,47,,6.13,other
dbo,InsEligibilityDetail,BASE TABLE,768,32,,6.09,other
dbo,VspGrid,BASE TABLE,118901,8,,5.88,other
dbo,InsEligibility,BASE TABLE,482,32,,5.88,other
dbo,Notes,BASE TABLE,35642,13,,5.85,other
dbo,WFEvent,BASE TABLE,58588,9,,5.67,other
dbo,LoggedInUserArchive,BASE TABLE,58054,9,,5.66,other
dbo,WFActivity,BASE TABLE,62669,8,,5.6,other
dbo,AppSch_AuditLog,BASE TABLE,50179,9,,5.6,other
dbo,InsHCFA,BASE TABLE,2100,21,,5.42,other
dbo,DayCloseDet,BASE TABLE,24751,10,,5.39,other
dbo,VspPlan,BASE TABLE,7006,15,,5.35,other
dbo,KPIDaily,BASE TABLE,5185,15,,5.21,other
dbo,ZipCode,BASE TABLE,42481,5,,5.13,other
dbo,Address,BASE TABLE,4083,14,,5.01,other
dbo,DiagCodeCompanyMapping,BASE TABLE,38738,4,,4.99,other
dbo,WarrantyActivity,BASE TABLE,8739,10,,4.94,other
dbo,Users,BASE TABLE,159,27,,4.9,other
dbo,ServiceFailureException,BASE TABLE,11709,8,,4.87,other
dbo,WFInstance,BASE TABLE,15456,6,,4.79,other
dbo,Phone,BASE TABLE,5500,10,,4.74,other
dbo,DiagCode,BASE TABLE,5128,10,,4.71,other
dbo,temp_InsRejectionReason,BASE TABLE,7854,7,,4.6,other
dbo,TillCount,BASE TABLE,2961,11,,4.57,other
dbo,PromotionConditionItem,BASE TABLE,3169,10,,4.5,other
dbo,GB_DailySummary,BASE TABLE,242,21,,4.48,other
dbo,CompanyItemType,BASE TABLE,140,23,,4.45,other
dbo,VspCommentCodeDetail,BASE TABLE,5422,7,,4.43,other
dbo,EligibilityAttributeValues,BASE TABLE,12200,3,,4.39,other
dbo,InsRejectionReason,BASE TABLE,3806,7,,4.28,other
dbo,temp_insrejectionreason_20191113_before_duplicate_cleanup,BASE TABLE,3803,7,,4.28,other
dbo,ItemPrice,BASE TABLE,2415,9,,4.28,other
dbo,DayOpen,BASE TABLE,1407,11,,4.25,other
dbo,WarrantyInstance,BASE TABLE,3384,7,,4.23,other
dbo,SpexCollectionForApi,BASE TABLE,779,13,,4.19,other
dbo,VspOptionCoverageCode,BASE TABLE,1041,11,,4.12,other
dbo,CompanyCarrier,BASE TABLE,103,21,,4.11,other
dbo,PQRICodeCompanyMapping,BASE TABLE,4557,4,,4.06,other
dbo,temp_insplantodelete,BASE TABLE,3462,5,,4.04,other
dbo,IntegrationFailure,BASE TABLE,848,11,,4.03,other
dbo,DiagCodeMedicalConditionRule,BASE TABLE,535,13,,4.03,other
dbo,EGExtra,BASE TABLE,1553,8,,3.99,other
dbo,SpexBrandForApi,BASE TABLE,1552,8,,3.99,other
dbo,CLPower,BASE TABLE,3259,4,,3.91,other
dbo,ItemCL,BASE TABLE,1980,5,,3.8,other
dbo,AttributeDefinitions,BASE TABLE,396,12,,3.8,other
dbo,RemakeType,BASE TABLE,153,16,,3.78,other
dbo,temp_CompanyCarrier_bak,BASE TABLE,114,17,,3.76,other
dbo,SellingModel,BASE TABLE,51,20,,3.71,other
dbo,CatElementLU,BASE TABLE,989,7,,3.7,other
dbo,temp_Item,BASE TABLE,4,31,,3.7,other
dbo,__ds_EndOfDay,BASE TABLE,1,37,,3.7,other
dbo,__ds_EndOfDay2,BASE TABLE,0,37,,3.7,other
dbo,UserRoles,BASE TABLE,2478,3,,3.69,other
dbo,TillCountDenomination,BASE TABLE,1292,5,,3.61,other
dbo,ItemEGStyle,BASE TABLE,807,7,,3.61,other
dbo,InsProcedureCode,BASE TABLE,310,11,,3.59,other
dbo,GLMapping,BASE TABLE,248,12,,3.59,other
dbo,CSVAccessory,BASE TABLE,96,16,,3.58,other
dbo,CompanyReports,BASE TABLE,444,9,,3.55,other
dbo,temp_userroles_backup,BASE TABLE,2110,2,,3.52,other
dbo,QuestionnaireUserAnswer,BASE TABLE,812,6,,3.51,other
dbo,PromotionGroupItem,BASE TABLE,257,11,,3.51,other
dbo,WarrantyConditionItem,BASE TABLE,196,12,,3.49,other
dbo,VspCommentCode,BASE TABLE,1514,3,,3.48,other
dbo,CPTCodes,BASE TABLE,765,6,,3.48,other
dbo,InsEDI837,BASE TABLE,48,18,,3.48,other
dbo,DiagnosisCategory,BASE TABLE,1390,3,,3.44,other
dbo,TransmissionInfo,BASE TABLE,20,21,,3.4,other
dbo,DataView,BASE TABLE,3,29,,3.38,other
dbo,RemakeTypeDetail,BASE TABLE,585,6,,3.37,other
dbo,PromotionGroup,BASE TABLE,74,15,,3.37,other
dbo,CompanyRoles,BASE TABLE,175,11,,3.34,other
dbo,PQRICode,BASE TABLE,648,5,,3.31,other
dbo,ItemPrices,BASE TABLE,759,4,,3.28,other
dbo,GLDetail,BASE TABLE,145,11,,3.26,other
dbo,InsReasonCode,BASE TABLE,332,7,,3.22,other
dbo,ItemEGColor,BASE TABLE,261,8,,3.22,other
dbo,EnumAttributeOptions,BASE TABLE,495,5,,3.19,other
dbo,Package,BASE TABLE,59,14,,3.17,other
dbo,RecallTypeNotices,BASE TABLE,146,10,,3.16,other
dbo,Reports,BASE TABLE,112,11,,3.15,other
Era,AdjustmentRules,BASE TABLE,51,14,,3.11,other
dbo,Recall,BASE TABLE,40,15,,3.1,other
dbo,DiscountType,BASE TABLE,97,11,,3.09,other
Integration,MappingDictionary,BASE TABLE,379,5,,3.08,other
dbo,FormDisplayAttribute,BASE TABLE,117,10,,3.07,other
dbo,ItemAttributeValues,BASE TABLE,574,3,,3.06,other
dbo,CLStyleMapping,BASE TABLE,462,4,,3.06,other
dbo,BuildVersion,BASE TABLE,181,8,,3.06,other
dbo,DataMiningParameterValue,BASE TABLE,285,6,,3.05,other
dbo,VspOptionCoverageMapping,BASE TABLE,268,6,,3.03,other
dbo,Feature,BASE TABLE,169,8,,3.03,other
dbo,StockReceipt,BASE TABLE,68,12,,3.03,other
dbo,RegularExpressionFormats,BASE TABLE,505,3,,3.0,other
dbo,CLColor,BASE TABLE,253,6,,3.0,other
dbo,SSFieldMapping,BASE TABLE,311,5,,2.99,other
dbo,SellingModelPackageSectionOption,BASE TABLE,184,7,,2.96,other
dbo,PromotionType,BASE TABLE,36,14,,2.96,other
dbo,AppSch_Preferences,BASE TABLE,357,4,,2.95,other
dbo,QuestionnaireQuestion,BASE TABLE,28,15,,2.95,other
dbo,birthdatetemp,BASE TABLE,546,2,,2.94,other
dbo,ItemCoat,BASE TABLE,198,6,,2.9,other
dbo,DashBoard,BASE TABLE,2,26,,2.9,other
dbo,Appsch_Service_Template,BASE TABLE,62,11,,2.89,other
dbo,ETimeDetail,BASE TABLE,6,21,,2.88,other
dbo,AccessOptionsDetail,BASE TABLE,289,4,,2.86,other
dbo,SellingModelPackages,BASE TABLE,225,5,,2.85,other
dbo,AccessOptions,BASE TABLE,109,8,,2.84,other
dbo,RoleAccessOptions,BASE TABLE,211,5,,2.82,other
dbo,PasswordHistory,BASE TABLE,206,5,,2.81,other
dbo,StockReceiptDetail,BASE TABLE,65,10,,2.81,other
Eligibility,InsEligibilityStatus,BASE TABLE,0,28,,2.8,other
dbo,PriceList,BASE TABLE,148,6,,2.77,other
dbo,SellingModelPackageSection,BASE TABLE,116,7,,2.76,other
dbo,SnomedCode,BASE TABLE,86,8,,2.73,other
dbo,WarrantyItem,BASE TABLE,67,9,,2.73,other
dbo,ItemType,BASE TABLE,20,14,,2.7,other
dbo,EDIControl,BASE TABLE,5,20,,2.7,other
dbo,CommunicationTemplate,BASE TABLE,60,9,,2.68,other
dbo,PlanEligibilityRule,BASE TABLE,6,19,,2.68,other
dbo,RecallParameterValue,BASE TABLE,118,6,,2.67,other
dbo,RecallDetails,BASE TABLE,183,4,,2.66,other
dbo,ItempriceCoating,BASE TABLE,180,4,,2.66,other
dbo,Permissions,BASE TABLE,116,6,,2.66,other
dbo,ItemTint,BASE TABLE,89,7,,2.65,other
dbo,Lookup_Extension,BASE TABLE,137,5,,2.64,other
dbo,ItemMisc,BASE TABLE,68,8,,2.63,other
dbo,MultiLevelAttributes,BASE TABLE,210,3,,2.62,other
dbo,SheetName,BASE TABLE,324,1,,2.61,other
dbo,Colors1,BASE TABLE,164,4,,2.61,other
dbo,OldSystemRemake,BASE TABLE,100,6,,2.6,other
dbo,DispenseType,BASE TABLE,77,7,,2.59,other
dbo,Appsch_Service_TemplateDetail,BASE TABLE,62,8,,2.59,other
dbo,StatementConfig,BASE TABLE,3,21,,2.58,other
dbo,CompanyCollectionMapping,BASE TABLE,73,7,,2.56,other
dbo,VspOptionCode,BASE TABLE,135,4,,2.53,other
dbo,InsItemMethod,BASE TABLE,210,2,,2.52,other
Eligibility,JobManager,BASE TABLE,66,7,,2.52,other
dbo,PracticePreferences_Extension,BASE TABLE,100,5,,2.5,other
dbo,Roles,BASE TABLE,100,5,,2.5,other
dbo,CategoryLU,BASE TABLE,99,5,,2.5,other
dbo,RecallType,BASE TABLE,59,7,,2.47,other
dbo,AppSch_RecurringException,BASE TABLE,37,9,,2.47,other
dbo,EDI835VspOptionCode,BASE TABLE,144,3,,2.46,other
dbo,RefundReason,BASE TABLE,58,7,,2.46,other
dbo,GLAccount,BASE TABLE,83,5,,2.42,other
dbo,CPTModifierCodes,BASE TABLE,95,4,,2.38,other
dbo,Warranty,BASE TABLE,30,9,,2.38,other
dbo,MonthCloseControl,BASE TABLE,24,10,,2.38,other
dbo,Shipment,BASE TABLE,24,10,,2.38,other
dbo,temp_KPIDaily,BASE TABLE,7,15,,2.35,other
dbo,ItempriceTint,BASE TABLE,88,4,,2.34,other
dbo,BesProcCodeRules,BASE TABLE,67,5,,2.33,other
dbo,AccessOptionPermissions,BASE TABLE,64,5,,2.31,other
dbo,DayPayout,BASE TABLE,64,5,,2.31,other
dbo,Guarantor,BASE TABLE,0,23,,2.3,other
dbo,RolePermissions,BASE TABLE,59,5,,2.27,other
dbo,LookupData,BASE TABLE,46,6,,2.26,other
dbo,QuestionnairePotentialAnswer,BASE TABLE,36,7,,2.26,other
dbo,ImportControl,BASE TABLE,29,8,,2.26,other
dbo,PayoutType,BASE TABLE,56,5,,2.25,other
dbo,PosOldSystemReturnValidation,BASE TABLE,45,6,,2.25,other
dbo,StockPickList,BASE TABLE,35,7,,2.24,other
dbo,ShipmentDetail,BASE TABLE,27,8,,2.23,other
dbo,CompanyPackageMapping,BASE TABLE,63,4,,2.2,other
dbo,AppSch_Service_Reminders,BASE TABLE,25,8,,2.2,other
dbo,CompanyDashboard,BASE TABLE,2,19,,2.2,other
dbo,Temp_CPT,BASE TABLE,94,2,,2.17,other
dbo,AppSch_display_Resource,BASE TABLE,59,4,,2.17,other
dbo,RetailEventAudit,BASE TABLE,33,6,,2.12,other
dbo,SellingModelDisplaySettings,BASE TABLE,33,6,,2.12,other
dbo,ItemEGMaterial,BASE TABLE,15,9,,2.08,other
dbo,VSP_Script_v2,BASE TABLE,15,9,,2.08,other
dbo,CompanyStorage,BASE TABLE,12,10,,2.08,other
dbo,SellingModelPricePointsSection,BASE TABLE,36,5,,2.06,other
dbo,QuestionnaireConstraintOption,BASE TABLE,44,4,,2.04,other
dbo,DataAdminCategories,BASE TABLE,54,3,,2.03,other
dbo,KPIMethod,BASE TABLE,34,5,,2.03,other
dbo,__ds_EndOfDayTenderDetail,BASE TABLE,13,9,,2.01,other
dbo,GLSummary,BASE TABLE,13,9,,2.01,other
dbo,ItemEdge,BASE TABLE,20,7,,2.0,other
dbo,CompanyCarrierPlanAllowance,BASE TABLE,16,8,,2.0,other
Era,Files,BASE TABLE,0,20,,2.0,other
dbo,SellingModelPricePoint,BASE TABLE,49,3,,1.99,other
dbo,EDI837ReportTypes,BASE TABLE,60,2,,1.98,other
dbo,NoteRequirement,BASE TABLE,25,5,,1.9,other
dbo,RetransmitCode,BASE TABLE,10,9,,1.9,other
Batch,Activity,BASE TABLE,0,19,,1.9,other
dbo,CatalogCleanup_ItemCompanyMapping,BASE TABLE,0,19,,1.9,other
dbo,KPISummary,BASE TABLE,0,19,,1.9,other
dbo,VSPPremierStatus,BASE TABLE,15,7,,1.88,other
dbo,AbbCLLoadQueue,BASE TABLE,3,14,,1.88,other
dbo,_Users_Update_With_Placeholder,BASE TABLE,23,5,,1.86,other
dbo,Appsch_Service_Group_Items,BASE TABLE,45,2,,1.85,other
dbo,MergeField,BASE TABLE,28,4,,1.85,other
dbo,PQRICodeCarrierMapping,BASE TABLE,14,7,,1.85,other
dbo,PackCategory,BASE TABLE,20,5,,1.8,other
dbo,CreditCardRanges,BASE TABLE,16,6,,1.8,other
dbo,Status,BASE TABLE,10,8,,1.8,other
dbo,SafetyStatementConfig,BASE TABLE,4,12,,1.8,other
dbo,CutOffData,BASE TABLE,0,18,,1.8,other
dbo,Temp_InsEDI837_CompanyMerge,BASE TABLE,0,18,,1.8,other
dbo,WFVersion,BASE TABLE,19,5,,1.78,other
dbo,SurveyParameterValue,BASE TABLE,12,7,,1.78,other
dbo,KPITotalCategory,BASE TABLE,23,4,,1.76,other
dbo,LoggedInUser,BASE TABLE,9,8,,1.75,other
dbo,PricingOption,BASE TABLE,13,6,,1.71,other
dbo,Appsch_Service_Group,BASE TABLE,25,3,,1.7,other
dbo,ItempriceEdge,BASE TABLE,20,4,,1.7,other
dbo,CLLevelItemMapping,BASE TABLE,16,5,,1.7,other
dbo,Issuer-Registrations,BASE TABLE,8,8,,1.7,other
Batch,ActivityStatus,BASE TABLE,5,10,,1.7,other
dbo,AppSch_Audit_EventType,BASE TABLE,16,4,,1.6,other
dbo,SpexControlForApi,BASE TABLE,1,16,,1.6,other
dbo,TempInsPlan,BASE TABLE,0,16,,1.6,other
dbo,TMSData,BASE TABLE,0,16,,1.6,other
dbo,ItemPricem,BASE TABLE,15,4,,1.58,other
dbo,KPIPackageMapping,BASE TABLE,15,4,,1.58,other
dbo,RoleAccessOptionsDetail,BASE TABLE,9,6,,1.55,other
dbo,PasswordPolicy,BASE TABLE,7,7,,1.55,other
dbo,ItemEGStyleCoatMapping,BASE TABLE,17,3,,1.53,other
dbo,PackageMultipleMapping,BASE TABLE,10,5,,1.5,other
dbo,ServicePlace,BASE TABLE,0,15,,1.5,other
dbo,CashDenomination,BASE TABLE,11,4,,1.44,other
dbo,PricingItemMethod,BASE TABLE,17,2,,1.43,other
dbo,CompanyRegion,BASE TABLE,10,4,,1.4,other
dbo,ItemEGType,BASE TABLE,8,5,,1.4,other
dbo,ETimeWeek,BASE TABLE,4,8,,1.4,other
dbo,CompanyTheme,BASE TABLE,2,11,,1.4,other
dbo,Coupon,BASE TABLE,2,11,,1.4,other
Batch,ActivityResult,BASE TABLE,0,14,,1.4,other
dbo,CatalogCleanup_ItemPrice,BASE TABLE,0,14,,1.4,other
dbo,DocumentEventTracking,BASE TABLE,0,14,,1.4,other
dbo,PlanSubType,BASE TABLE,15,2,,1.38,other
dbo,DataSource,BASE TABLE,12,3,,1.38,other
dbo,DataMining,BASE TABLE,3,9,,1.38,other
dbo,PrintFormat,BASE TABLE,3,9,,1.38,other
dbo,LookupCategory_Extension,BASE TABLE,14,2,,1.35,other
dbo,ItemPriceL,BASE TABLE,8,4,,1.3,other
Eligibility,EligibilityProcessorQueue,BASE TABLE,4,7,,1.3,other
dbo,edi277Header,BASE TABLE,0,13,,1.3,other
dbo,ItemCompanyMappingbeforeseed,BASE TABLE,0,13,,1.3,other
dbo,__RefactorLog,BASE TABLE,14,1,,1.25,other
dbo,DocumentType,BASE TABLE,9,3,,1.25,other
dbo,ExternalUrlParameter,BASE TABLE,9,3,,1.25,other
dbo,VspStatus,BASE TABLE,9,3,,1.25,other
dbo,SSMappingTypes,BASE TABLE,11,2,,1.24,other
dbo,DataMiningParameter,BASE TABLE,10,2,,1.2,other
dbo,KPIRules,BASE TABLE,8,3,,1.2,other
dbo,PromotionQualifyingCarrier,BASE TABLE,8,3,,1.2,other
dbo,KPIExceptions,BASE TABLE,4,6,,1.2,other
dbo,AbbCLStyle,BASE TABLE,2,9,,1.2,other
dbo,AbbCLUnit,BASE TABLE,2,9,,1.2,other
dbo,ApptSetup,BASE TABLE,0,12,,1.2,other
dbo,AuditFieldLog,BASE TABLE,0,12,,1.2,other
dbo,CatalogCleanup_CompanyCollectionMapping,BASE TABLE,0,12,,1.2,other
Integration,MerchandiseHierarchy,BASE TABLE,0,12,,1.2,other
dbo,Notes_Archive,BASE TABLE,0,12,,1.2,other
dbo,SpexCollectionCompanyTemp,BASE TABLE,0,12,,1.2,other
dbo,Images,BASE TABLE,6,4,,1.18,other
dbo,ETimeLogin,BASE TABLE,3,7,,1.18,other
dbo,CarrierEligibilityRule,BASE TABLE,7,3,,1.15,other
dbo,CommunicationTemplateMergeField,BASE TABLE,7,3,,1.15,other
dbo,ExternalUrlScreen,BASE TABLE,5,4,,1.1,other
dbo,FinancialGroup,BASE TABLE,4,5,,1.1,other
dbo,ARTest,BASE TABLE,0,11,,1.1,other
dbo,DocumentPartnerTracking,BASE TABLE,0,11,,1.1,other
dbo,InsCobReason,BASE TABLE,6,3,,1.08,other
dbo,ItemTypeCustomAttributes,BASE TABLE,6,3,,1.08,other
dbo,TemplateCategory,BASE TABLE,6,3,,1.08,other
dbo,SurveyParameter,BASE TABLE,7,2,,1.05,other
dbo,CreditCardProcessType,BASE TABLE,5,3,,1.0,other
Batch,ActivityType,BASE TABLE,4,4,,1.0,other
dbo,QuestionnaireGroup,BASE TABLE,4,4,,1.0,other
dbo,BatchType,BASE TABLE,2,7,,1.0,other
dbo,EDI835HeaderInfoLog,BASE TABLE,2,7,,1.0,other
dbo,StatusType,BASE TABLE,2,7,,1.0,other
dbo,Survey,BASE TABLE,2,7,,1.0,other
dbo,CLStyle_Extension,BASE TABLE,0,10,,1.0,other
Integration,VspCoatingCodes,BASE TABLE,0,10,,1.0,other
dbo,EDI837ReportTransmissionCodes,BASE TABLE,6,2,,0.98,other
dbo,EncryptedSecret,BASE TABLE,3,5,,0.98,other
dbo,DashboardLogiRoles,BASE TABLE,5,2,,0.9,other
dbo,DashboardRoleMappingAL,BASE TABLE,5,2,,0.9,other
dbo,DashboardRoleMappingEPM,BASE TABLE,5,2,,0.9,other
dbo,Audience-Registrations,BASE TABLE,2,6,,0.9,other
dbo,TagHistory,BASE TABLE,2,6,,0.9,other
dbo,__ConversionHistory,BASE TABLE,0,9,,0.9,other
dbo,attrep_mscdc_ddl_history,BASE TABLE,0,9,,0.9,other
dbo,CompanyArchiveStorage,BASE TABLE,0,9,,0.9,other
dbo,DocumentStorage,BASE TABLE,0,9,,0.9,other
dbo,ETimeControl,BASE TABLE,0,9,,0.9,other
dbo,GLItemCategory,BASE TABLE,0,9,,0.9,other
dbo,KPIGoals,BASE TABLE,0,9,,0.9,other
dbo,SpexCollection,BASE TABLE,0,9,,0.9,other
dbo,RemoteStorageType,BASE TABLE,3,4,,0.88,other
dbo,SurveyDetails,BASE TABLE,3,4,,0.88,other
dbo,RecallParameter,BASE TABLE,4,2,,0.8,other
dbo,WFType,BASE TABLE,4,2,,0.8,other
dbo,ETimeDetailHistory,BASE TABLE,2,5,,0.8,other
dbo,Batch,BASE TABLE,0,8,,0.8,other
dbo,CouponUsage,BASE TABLE,0,8,,0.8,other
dbo,EDI835PayerPayeeAddlnInfo,BASE TABLE,0,8,,0.8,other
dbo,InsEligibilityVspGrid,BASE TABLE,0,8,,0.8,other
dbo,KPIExceptionsDetail,BASE TABLE,0,8,,0.8,other
dbo,ProcessQueue,BASE TABLE,0,8,,0.8,other
dbo,InsPlanKeywords,BASE TABLE,3,3,,0.78,other
dbo,PromotionQualifyingPlan,BASE TABLE,3,3,,0.78,other
dbo,attrep_truncation_safeguard,BASE TABLE,2,4,,0.7,other
dbo,Tag,BASE TABLE,1,7,,0.7,other
dbo,CatalogCleanup_DuplicateUPC,BASE TABLE,0,7,,0.7,other
dbo,PQRICodePlanMapping,BASE TABLE,0,7,,0.7,other
WorkQueues,PurgeWFActivity,BASE TABLE,0,7,,0.7,other
dbo,ServiceFailure,BASE TABLE,0,7,,0.7,other
dbo,LookupType,BASE TABLE,3,2,,0.68,other
dbo,ShipToType,BASE TABLE,3,2,,0.68,other
dbo,GB_DailySummaryDateTypes,BASE TABLE,2,3,,0.6,other
dbo,KPICarrierRules,BASE TABLE,1,6,,0.6,other
dbo,QRCodeCompanyConfig,BASE TABLE,1,6,,0.6,other
dbo,Questionnaire,BASE TABLE,1,6,,0.6,other
dbo,dashboards,BASE TABLE,0,6,,0.6,other
dbo,ExternalUrl,BASE TABLE,0,6,,0.6,other
dbo,GLItemMappingException,BASE TABLE,0,6,,0.6,other
dbo,NumericAttributeDefinitions,BASE TABLE,0,6,,0.6,other
dbo,SpexControl,BASE TABLE,0,6,,0.6,other
dbo,visualizations,BASE TABLE,0,6,,0.6,other
dbo,EligibilityType,BASE TABLE,2,2,,0.5,other
dbo,MaterialTintColor,BASE TABLE,2,2,,0.5,other
dbo,RemitAddressType,BASE TABLE,2,2,,0.5,other
dbo,SystemConfig,BASE TABLE,2,2,,0.5,other
dbo,sysdiagrams,BASE TABLE,1,5,,0.5,other
dbo,VspIntegrationSelfHealErrorLookup,BASE TABLE,1,5,,0.5,other
dbo,__Dest_SourceDestinationMapping,BASE TABLE,0,5,,0.5,other
dbo,__keycolumns,BASE TABLE,0,5,,0.5,other
dbo,AppSch_FunctionalityTimer,BASE TABLE,0,5,,0.5,other
dbo,Audience-Requests,BASE TABLE,0,5,,0.5,other
dbo,CompanyCLStyle,BASE TABLE,0,5,,0.5,other
dbo,CompanyGLExportFormatMapping,BASE TABLE,0,5,,0.5,other
dbo,ctetemp,BASE TABLE,0,5,,0.5,other
dbo,EmailNotification,BASE TABLE,0,5,,0.5,other
dbo,PromotionCouponCodeTemp,BASE TABLE,0,5,,0.5,other
WorkQueues,PurgeWFEvent,BASE TABLE,0,5,,0.5,other
dbo,SpexCollectionOld,BASE TABLE,0,5,,0.5,other
dbo,temp_RoleAccessOptions_05162018,BASE TABLE,0,5,,0.5,other
WorkQueues,WFInstances,BASE TABLE,0,5,,0.5,other
dbo,tempTable,BASE TABLE,2,1,,0.4,other
dbo,Applications,BASE TABLE,0,4,,0.4,other
dbo,CompanyArchiveSetting,BASE TABLE,0,4,,0.4,other
dbo,CompanyGLSetting,BASE TABLE,0,4,,0.4,other
dbo,DataMiningDetails,BASE TABLE,0,4,,0.4,other
dbo,DateAttributeDefinitions,BASE TABLE,0,4,,0.4,other
dbo,EDI835CodeInfo,BASE TABLE,0,4,,0.4,other
dbo,ExternalUrlParameterMapping,BASE TABLE,0,4,,0.4,other
dbo,ExternalUrlScreenMapping,BASE TABLE,0,4,,0.4,other
Era,FileHeaderInfo,BASE TABLE,0,4,,0.4,other
dbo,InsEDI835,BASE TABLE,0,4,,0.4,other
dbo,ItemStatus,BASE TABLE,0,4,,0.4,other
dbo,NightlyActionRecord,BASE TABLE,0,4,,0.4,other
dbo,PlanDiscountMapping,BASE TABLE,0,4,,0.4,other
dbo,ReportLock,BASE TABLE,0,4,,0.4,other
dbo,Temp_Dec,BASE TABLE,0,4,,0.4,other
dbo,XIFFileNameRecord,BASE TABLE,0,4,,0.4,other
dbo,PromotionQualifyingPromotion,BASE TABLE,1,3,,0.3,other
dbo,AppSch_Icons,BASE TABLE,0,3,,0.3,other
dbo,CLFitDetail,BASE TABLE,0,3,,0.3,other
dbo,CLPower_Extension,BASE TABLE,0,3,,0.3,other
dbo,CompanyPriceList,BASE TABLE,0,3,,0.3,other
dbo,dashboard_visualizations,BASE TABLE,0,3,,0.3,other
dbo,DiagCodePQRICode,BASE TABLE,0,3,,0.3,other
dbo,GLCenter,BASE TABLE,0,3,,0.3,other
dbo,InsEdiPayerMapping,BASE TABLE,0,3,,0.3,other
dbo,MaterialEdgeType,BASE TABLE,0,3,,0.3,other
dbo,NoteAssociation,BASE TABLE,0,3,,0.3,other
dbo,PQRICodeDiagCategory,BASE TABLE,0,3,,0.3,other
dbo,ShippingCompany,BASE TABLE,0,3,,0.3,other
dbo,SystemFeature,BASE TABLE,0,3,,0.3,other
dbo,Users_DuplicateRenames_Pend,BASE TABLE,0,3,,0.3,other
dbo,Activities,BASE TABLE,0,2,,0.2,other
dbo,AddressType,BASE TABLE,0,2,,0.2,other
dbo,ApplicationRoles,BASE TABLE,0,2,,0.2,other
dbo,ApplicationUsers,BASE TABLE,0,2,,0.2,other
dbo,codes,BASE TABLE,0,2,,0.2,other
dbo,Occupation,BASE TABLE,0,2,,0.2,other
dbo,PhoneType,BASE TABLE,0,2,,0.2,other
dbo,Referrals,BASE TABLE,0,2,,0.2,other
dbo,SpexCollectionTemp,BASE TABLE,0,2,,0.2,other
dbo,VSPEOP,BASE TABLE,0,2,,0.2,other
dbo,VwDesign,BASE TABLE,0,2,,0.2,other
dbo,VwMaterial,BASE TABLE,0,2,,0.2,other
dbo,VwTreatment,BASE TABLE,0,2,,0.2,other
WorkQueues,WFDataType,BASE TABLE,0,2,,0.2,other
dbo,XmlImportTest,BASE TABLE,0,2,,0.2,other
